{"initial_reset_timestamp": 1575370517.9265692, "timestamps": [1575370578.7146966], "episode_lengths": [10761], "episode_rewards": [-20.0], "episode_types": ["t"]}